x,y,fb_velocity,fb_steering
-28.4076,-2.74113,0,0
-28.2053,-2.72907,0,0
-27.9885,-2.72533,0,0
-27.7344,-2.72264,0,0
-27.5072,-2.72136,0,0
-27.2968,-2.70209,0,0
-27.076,-2.68009,0,0
-26.8467,-2.67739,0,0
-26.6192,-2.67852,0,0
-26.3986,-2.67394,0,0
-26.1655,-2.67915,0,0
-25.9289,-2.67189,0,0
-25.6731,-2.65842,0,0
-25.4507,-2.65189,0,0
-25.2505,-2.64046,0,0
-24.964,-2.607,0,0
-24.7436,-2.58607,0,0
-24.4999,-2.58107,0,0
-24.2588,-2.57613,0,0
-23.9627,-2.57851,0,0
-23.7249,-2.54468,0,0
-23.4427,-2.54981,0,0
-23.2402,-2.54052,0,0
-22.9874,-2.53099,0,0
-22.7354,-2.52211,0,0
-22.4932,-2.51531,0,0
-22.2777,-2.50682,0,0
-22.0178,-2.50381,0,0
-21.797,-2.50638,0,0
-21.5798,-2.50113,0,0
-21.3138,-2.5001,0,0
-21.0766,-2.50885,0,0
-20.8729,-2.51026,0,0
-20.6071,-2.51135,0,0
-20.2834,-2.50185,0,0
-19.9418,-2.46736,0,0
-19.7341,-2.43754,0,0
-19.5008,-2.42708,0,0
-19.2667,-2.43137,0,0
-18.9358,-2.42802,0,0
-18.7284,-2.40662,0,0
-18.4248,-2.37745,0,0
-18.1684,-2.37533,0,0
-17.8301,-2.37845,0,0
-17.5036,-2.37034,0,0
-17.1566,-2.36067,0,0
-16.9212,-2.35526,0,0
-16.6498,-2.35154,0,0
-16.447,-2.3464,0,0
-16.1954,-2.34804,0,0
-15.9508,-2.34682,0,0
-15.73,-2.35055,0,0
-15.5089,-2.35375,0,0
-15.298,-2.3548,0,0
-15.0191,-2.35036,0,0
-14.7406,-2.32836,0,0
-14.5289,-2.31707,0,0
-14.2998,-2.32325,0,0
-14.074,-2.31797,0,0
-13.8554,-2.31592,0,0
-13.6237,-2.3058,0,0
-13.4134,-2.30144,0,0
-13.1634,-2.29661,0,0
-12.8894,-2.2863,0,0
-12.6882,-2.279,0,0
-12.4208,-2.32684,0,0
-12.2073,-2.31964,0,0
-11.9492,-2.31079,0,0
-11.6858,-2.3185,0,0
-11.4239,-2.32119,0,0
-11.1704,-2.32096,0,0
-10.9612,-2.31636,0,0
-10.7566,-2.31566,0,0
-10.4634,-2.29854,0,0
-10.204,-2.28093,0,0
-10.003,-2.2679,0,0
-9.74558,-2.25781,0,0
-9.48028,-2.25315,0,0
-9.23536,-2.25483,0,0
-8.97808,-2.24537,0,0
-8.70178,-2.2317,0,0
-8.45549,-2.2386,0,0
-8.23269,-2.24353,0,0
-7.96252,-2.24863,0,0
-7.66227,-2.24726,0,0
-7.4205,-2.24046,0,0
-7.21496,-2.23612,0,0
-6.95502,-2.21159,0,0
-6.69484,-2.19608,0,0
-6.4476,-2.18059,0,0
-6.16041,-2.17457,0,0
-5.87917,-2.17568,0,0
-5.61446,-2.17479,0,0
-5.39487,-2.17257,0,0
-5.13004,-2.17802,0,0
-4.88497,-2.18019,0,0
-4.68344,-2.1724,0,0
-4.46617,-2.15861,0,0
-4.18604,-2.12572,0,0
-3.92321,-2.11274,0,0
-3.69638,-2.10332,0,0
-3.43711,-2.09717,0,0
-3.1329,-2.08924,0,0
-2.8448,-2.07951,0,0
-2.58588,-2.07524,0,0
-2.37161,-2.06546,0,0
-2.11945,-2.05403,0,0
-1.91303,-2.04852,0,0
-1.71153,-2.04471,0,0
-1.46559,-2.0448,0,0
-1.19043,-2.05164,0,0
-0.989332,-2.05341,0,0
-0.765729,-2.04782,0,0
-0.49894,-2.03623,0,0
-0.236863,-2.01921,0,0
0.0508707,-2.00886,0,0
0.274183,-2.00278,0,0
0.506347,-1.98936,0,0
0.74327,-1.97231,0,0
1.01922,-1.97351,0,0
1.30367,-1.96682,0,0
1.55682,-1.9633,0,0
1.77737,-1.95319,0,0
2.08312,-1.95804,0,0
2.34281,-1.95389,0,0
2.55666,-1.95154,0,0
2.82159,-1.94701,0,0
3.05446,-1.94492,0,0
3.32571,-1.88295,0,0
3.60941,-1.85769,0,0
3.84953,-1.84201,0,0
4.05502,-1.83915,0,0
4.30574,-1.8329,0,0
4.50828,-1.82708,0,0
4.84008,-1.83387,0,0
5.17601,-1.8397,0,0
5.38677,-1.82808,0,0
5.62492,-1.81967,0,0
5.89385,-1.81935,0,0
6.12764,-1.80961,0,0
6.39024,-1.8063,0,0
6.69745,-1.8049,0,0
6.91258,-1.79813,0,0
7.16563,-1.79807,0,0
7.44542,-1.80065,0,0
7.65483,-1.79592,0,0
7.8991,-1.79154,0,0
8.18806,-1.78656,0,0
8.43226,-1.77298,0,0
8.69418,-1.75986,0,0
8.91437,-1.75395,0,0
9.23377,-1.72904,0,0
9.49483,-1.71808,0,0
9.70585,-1.71248,0,0
9.93637,-1.71516,0,0
10.2077,-1.72785,0,0
10.5541,-1.71891,0,0
10.8293,-1.70603,0,0
11.0457,-1.69552,0,0
11.2866,-1.68552,0,0
11.5369,-1.70026,0,0
11.782,-1.70874,0,0
11.993,-1.70876,0,0
12.2129,-1.7158,0,0
12.475,-1.82544,0,0
12.6765,-1.82681,0,0
12.9432,-1.82192,0,0
13.2662,-1.81058,0,0
13.4861,-1.81354,0,0
13.6901,-1.80578,0,0
13.9373,-1.78928,0,0
14.1626,-1.76339,0,0
14.4889,-1.75699,0,0
14.8061,-1.75451,0,0
15.076,-1.7391,0,0
15.3198,-1.72377,0,0
15.6428,-1.70964,0,0
15.9111,-1.69528,0,0
16.1856,-1.68477,0,0
16.4367,-1.69334,0,0
16.6974,-1.7013,0,0
16.945,-1.68655,0,0
17.1464,-1.68182,0,0
17.4687,-1.68954,0,0
17.7306,-1.67965,0,0
17.9433,-1.68241,0,0
18.1841,-1.68394,0,0
18.3928,-1.6838,0,0
18.6109,-1.69397,0,0
18.94,-1.69311,0,0
19.1967,-1.66894,0,0
19.4739,-1.64727,0,0
19.6759,-1.63415,0,0
19.8958,-1.6216,0,0
20.1133,-1.61693,0,0
20.3552,-1.60361,0,0
20.6311,-1.58885,0,0
20.95,-1.55821,0,0
21.158,-1.55086,0,0
21.3911,-1.55183,0,0
21.6864,-1.56103,0,0
21.93,-1.5609,0,0
22.2126,-1.55485,0,0
22.4149,-1.54738,0,0
22.6739,-1.53518,0,0
22.8996,-1.53405,0,0
23.1916,-1.52045,0,0
23.4515,-1.5082,0,0
23.6584,-1.49537,0,0
23.9678,-1.47819,0,0
24.2292,-1.46117,0,0
24.4386,-1.44973,0,0
24.7366,-1.42277,0,0
25.008,-1.40366,0,0
25.2224,-1.39718,0,0
25.5172,-1.39593,0,0
25.7532,-1.37848,0,0
25.9603,-1.36334,0,0
26.2137,-1.34757,0,0
26.4263,-1.34524,0,0
26.6475,-1.34087,0,0
26.8832,-1.32126,0,0
27.0851,-1.31096,0,0
27.3335,-1.28477,0,0
27.5403,-1.27434,0,0
27.7426,-1.26755,0,0
28.0137,-1.25724,0,0
28.2595,-1.251,0,0
28.4611,-1.23993,0,0
28.7602,-1.23341,0,0
29.0592,-1.2258,0,0
29.3335,-1.2219,0,0
29.6088,-1.21845,0,0
29.8761,-1.20234,0,0
30.0845,-1.19857,0,0
30.3568,-1.1801,0,0
30.5892,-1.16572,0,0
30.883,-1.14029,0,0
31.1681,-1.13029,0,0
31.4154,-1.12806,0,0
31.6343,-1.11992,0,0
31.9527,-1.1005,0,0
32.2422,-1.08249,0,0
32.4792,-1.0671,0,0
32.7654,-1.05319,0,0
33.0112,-1.04288,0,0
33.2145,-1.03323,0,0
33.5265,-1.01711,0,0
33.776,-1.00514,0,0
33.9837,-0.993444,0,0
34.2706,-0.988144,0,0
34.4942,-0.985147,0,0
34.7605,-0.969396,0,0
35.0271,-0.952193,0,0
35.2479,-0.9441,0,0
35.4962,-0.925578,0,0
35.8053,-0.915759,0,0
36.036,-0.900401,0,0
36.2389,-0.902407,0,0
36.5245,-0.754258,0,0
36.825,-0.754671,0,0
37.084,-0.743412,0,0
37.3447,-0.72331,0,0
37.5541,-0.708073,0,0
37.8236,-0.694815,0,0
38.1425,-0.662839,0,0
38.4858,-0.648351,0,0
38.7718,-0.641145,0,0
38.9756,-0.634328,0,0
39.2389,-0.616549,0,0
39.4706,-0.590977,0,0
39.7272,-0.576371,0,0
39.9369,-0.559518,0,0
40.1455,-0.549513,0,0
40.4101,-0.529024,0,0
40.6185,-0.514192,0,0
40.8651,-0.504878,0,0
41.179,-0.50549,0,0
41.535,-0.493503,0,0
41.7431,-0.486767,0,0
42.0339,-0.477845,0,0
42.3496,-0.464316,0,0
42.5785,-0.457727,0,0
42.8463,-0.45519,0,0
43.1077,-0.446605,0,0
43.3764,-0.443165,0,0
43.6513,-0.427496,0,0
43.9739,-0.396311,0,0
44.2609,-0.384597,0,0
44.4659,-0.374759,0,0
44.6691,-0.356239,0,0
44.9081,-0.35765,0,0
45.1715,-0.345614,0,0
45.3751,-0.323079,0,0
45.5957,-0.31136,0,0
45.8631,-0.315901,0,0
46.1443,-0.316074,0,0
46.3482,-0.328661,0,0
46.6074,-0.329926,0,0
46.8076,-0.330873,0,0
47.0706,-0.308935,0,0
47.3942,-0.308273,0,0
47.6849,-0.29253,0,0
47.8925,-0.281944,0,0
48.1449,-0.271611,0,0
48.3628,-0.265152,0,0
48.6185,-0.241973,0,0
48.9157,-0.225445,0,0
49.1913,-0.208231,0,0
49.4217,-0.201839,0,0
49.6371,-0.196485,0,0
49.8668,-0.191158,0,0
50.0699,-0.183805,0,0
50.3566,-0.173754,0,0
50.6095,-0.150212,0,0
50.8956,-0.188107,0,0
51.1318,-0.184012,0,0
51.3839,-0.188484,0,0
51.5899,-0.192541,0,0
51.886,-0.189178,0,0
52.1057,-0.176126,0,0
52.4297,-0.150577,0,0
52.7021,-0.138523,0,0
52.9148,-0.1306,0,0
53.1272,-0.126487,0,0
53.3575,-0.122059,0,0
53.5647,-0.111818,0,0
53.8024,-0.10693,0,0
54.017,-0.0935491,0,0
54.2585,-0.0838619,0,0
54.5332,-0.0649451,0,0
54.7473,-0.0542274,0,0
55.0153,-0.045038,0,0
55.2643,-0.0487494,0,0
55.5278,-0.0463603,0,0
55.8102,-0.0522827,0,0
56.0871,-0.0410233,0,0
56.4311,-0.0371587,0,0
56.6725,-0.0348508,0,0
56.8927,-0.0347068,0,0
57.1312,-0.0312622,0,0
57.4186,-0.0307351,0,0
57.6746,-0.111604,0,0
57.8854,-0.10695,0,0
58.1442,-0.0958086,0,0
58.3734,-0.0832065,0,0
58.6437,-0.062507,0,0
58.8553,-0.0495439,0,0
59.1731,-0.0268338,0,0
59.4155,-0.00642019,0,0
59.7029,-0.0054829,0,0
59.9058,-0.0146033,0,0
60.2167,-0.0148201,0,0
60.4676,-0.016891,0,0
60.7347,-0.0250451,0,0
61.0163,-0.0272743,0,0
61.3379,-0.0169779,0,0
61.6294,-0.00457777,0,0
61.8439,-0.00420786,0,0
62.1533,0.00109805,0,0
62.4084,0.0164599,0,0
62.7119,0.0342541,0,0
62.9331,0.0380661,0,0
63.1973,0.0506552,0,0
63.4127,0.0588597,0,0
63.7065,0.0722611,0,0
63.9417,0.0723728,0,0
64.213,0.0649847,0,0
64.4305,0.0618909,0,0
64.6773,0.0575179,0,0
64.9637,0.0751369,0,0
65.1661,0.0976124,0,0
65.5047,0.107068,0,0
65.715,0.100021,0,0
65.9226,0.0942428,0,0
66.1802,0.0978432,0,0
66.4579,0.108349,0,0
66.6621,0.113661,0,0
66.9208,0.117761,0,0
67.1835,0.110049,0,0
67.4214,0.126647,0,0
67.6905,0.135183,0,0
67.904,0.139319,0,0
68.2053,0.238163,0,0
68.4456,0.250441,0,0
68.7359,0.258678,0,0
69.0118,0.260833,0,0
69.3567,0.266284,0,0
69.6428,0.283856,0,0
69.8484,0.290202,0,0
70.0982,0.286349,0,0
70.3255,0.294279,0,0
70.6172,0.296586,0,0
70.91,0.300527,0,0
71.2253,0.309121,0,0
71.5804,0.322352,0,0
71.7981,0.340891,0,0
72.0849,0.348891,0,0
72.3559,0.368956,0,0
72.6584,0.373459,0,0
72.8891,0.35742,0,0
73.225,0.352737,0,0
73.4592,0.353257,0,0
73.6677,0.354562,0,0
73.9631,0.351319,0,0
74.2148,0.3661,0,0
74.427,0.37724,0,0
74.7395,0.385209,0,0
74.9667,0.390484,0,0
75.237,0.402608,0,0
75.4453,0.409877,0,0
75.6803,0.416053,0,0
75.9181,0.415451,0,0
76.2317,0.430337,0,0
76.5165,0.448268,0,0
76.7331,0.454114,0,0
77.0266,0.455451,0,0
77.2803,0.463903,0,0
77.4908,0.465476,0,0
77.7253,0.465231,0,0
77.9315,0.463802,0,0
78.1382,0.463603,0,0
78.4392,0.469283,0,0
78.6963,0.474792,0,0
78.9271,0.48288,0,0
79.2233,0.499268,0,0
79.4684,0.51099,0,0
79.6844,0.523036,0,0
79.9732,0.533489,0,0
80.1842,0.540508,0,0
80.436,0.544595,0,0
80.6378,0.551784,0,0
80.858,0.552565,0,0
81.1279,0.560619,0,0
81.3348,0.566532,0,0
81.6201,0.563512,0,0
81.883,0.562669,0,0
82.1583,0.563855,0,0
82.3682,0.563566,0,0
82.658,0.554807,0,0
82.8782,0.547613,0,0
83.181,0.529521,0,0
83.4436,0.520421,0,0
83.6557,0.508159,0,0
83.9589,0.497414,0,0
84.1967,0.482241,0,0
84.4095,0.469793,0,0
84.7253,0.455044,0,0
84.9823,0.43644,0,0
85.305,0.401527,0,0
85.5811,0.356444,0,0
85.8166,0.314077,0,0
86.026,0.276703,0,0
86.2721,0.234828,0,0
86.5166,0.188033,0,0
86.7993,0.138064,0,0
87.0095,0.0781699,0,0
87.2643,0.0186033,0,0
87.5082,-0.0470441,0,0
87.7147,-0.111126,0,0
88.0062,-0.193234,0,0
88.2662,-0.287381,0,0
88.512,-0.381108,0,0
88.7596,-0.493499,0,0
88.958,-0.577624,0,0
89.2087,-0.703204,0,0
89.4114,-0.81479,0,0
89.6352,-0.93535,0,0
89.8569,-1.07191,0,0
90.0635,-1.18912,0,0
90.2628,-1.318,0,0
90.485,-1.44847,0,0
90.6894,-1.5863,0,0
90.8584,-1.70704,0,0
91.0179,-1.84216,0,0
91.2091,-2.02429,0,0
91.3642,-2.19999,0,0
91.4975,-2.35544,0,0
91.6673,-2.59672,0,0
91.8505,-2.80156,0,0
92.0441,-3.0333,0,0
92.2367,-3.29437,0,0
92.3654,-3.49562,0,0
92.4887,-3.70979,0,0
92.5943,-3.88347,0,0
92.6469,-4.14495,0,0
92.761,-4.4081,0,0
92.8533,-4.60184,0,0
92.9211,-4.79371,0,0
93.0044,-5.01731,0,0
93.0637,-5.2322,0,0
93.1351,-5.53506,0,0
93.1933,-5.75472,0,0
93.2427,-6.00482,0,0
93.2662,-6.2276,0,0
93.2843,-6.52671,0,0
93.2847,-6.77791,0,0
93.276,-6.99609,0,0
93.2614,-7.28227,0,0
93.2289,-7.49281,0,0
93.2131,-7.71244,0,0
93.1684,-7.95977,0,0
93.1186,-8.2914,0,0
93.0826,-8.49055,0,0
93.0132,-8.7485,0,0
92.8899,-9.03155,0,0
92.8068,-9.21606,0,0
92.706,-9.44251,0,0
92.6083,-9.66055,0,0
92.5144,-9.84875,0,0
92.349,-10.0894,0,0
92.2395,-10.2715,0,0
92.1022,-10.5195,0,0
91.9703,-10.692,0,0
91.7694,-10.9054,0,0
91.5598,-11.1432,0,0
91.3732,-11.3706,0,0
91.2136,-11.5239,0,0
90.9598,-11.6697,0,0
90.7326,-11.8679,0,0
90.5205,-12.0183,0,0
90.3001,-12.1731,0,0
90.089,-12.3341,0,0
89.9015,-12.4659,0,0
89.6312,-12.6393,0,0
89.3752,-12.7827,0,0
89.1944,-12.882,0,0
88.9646,-12.9997,0,0
88.7071,-13.1205,0,0
88.494,-13.2211,0,0
88.2657,-13.317,0,0
88.0167,-13.4147,0,0
87.7667,-13.5051,0,0
87.5674,-13.5743,0,0
87.2613,-13.6727,0,0
87.0226,-13.748,0,0
86.8242,-13.8021,0,0
86.6111,-13.8582,0,0
86.3661,-13.9188,0,0
86.163,-13.9722,0,0
85.9343,-14.0224,0,0
85.6641,-14.0744,0,0
85.4267,-14.1053,0,0
85.1556,-14.1503,0,0
84.946,-14.1814,0,0
84.6395,-14.2171,0,0
84.3753,-14.2439,0,0
84.1665,-14.26,0,0
83.8829,-14.283,0,0
83.6345,-14.3123,0,0
83.326,-14.33,0,0
83.0611,-14.3468,0,0
82.7911,-14.3592,0,0
82.5363,-14.3782,0,0
82.1478,-14.404,0,0
81.9064,-14.4188,0,0
81.6466,-14.4292,0,0
81.3747,-14.4363,0,0
81.1406,-14.4392,0,0
80.8678,-14.4418,0,0
80.6391,-14.448,0,0
80.3968,-14.4578,0,0
80.1848,-14.4609,0,0
79.9314,-14.4587,0,0
79.6951,-14.4618,0,0
79.4778,-14.4651,0,0
79.2264,-14.4664,0,0
78.9277,-14.4747,0,0
78.6449,-14.4689,0,0
78.4295,-14.463,0,0
78.2256,-14.4629,0,0
77.9685,-14.4715,0,0
77.7468,-14.4784,0,0
77.4372,-14.4778,0,0
77.1556,-14.4792,0,0
76.9439,-14.4839,0,0
76.6344,-14.4972,0,0
76.3749,-14.4897,0,0
76.1117,-14.4882,0,0
75.8023,-14.4845,0,0
75.474,-14.4863,0,0
75.1886,-14.4874,0,0
74.9598,-14.4894,0,0
74.6498,-14.4886,0,0
74.3793,-14.4914,0,0
74.1483,-14.4936,0,0
73.8287,-14.4996,0,0
73.5867,-14.5023,0,0
73.3336,-14.4978,0,0
73.0013,-14.4985,0,0
72.7349,-14.5012,0,0
72.492,-14.5084,0,0
72.1499,-14.5192,0,0
71.8672,-14.5161,0,0
71.6336,-14.5182,0,0
71.3048,-14.5267,0,0
71.0344,-14.5169,0,0
70.7951,-14.5095,0,0
70.5662,-14.5013,0,0
70.2838,-14.5047,0,0
70.0597,-14.5067,0,0
69.7315,-14.519,0,0
69.4527,-14.5333,0,0
69.2254,-14.5389,0,0
68.8909,-14.5639,0,0
68.594,-14.5847,0,0
68.3683,-14.5935,0,0
68.0383,-14.5953,0,0
67.7468,-14.5835,0,0
67.5386,-14.5757,0,0
67.3357,-14.5764,0,0
67.0267,-14.5615,0,0
66.7957,-14.5402,0,0
66.4662,-14.5295,0,0
66.2225,-14.7547,0,0
65.9922,-14.78,0,0
65.704,-14.8104,0,0
65.4987,-14.8215,0,0
65.2443,-14.8449,0,0
65.0444,-14.857,0,0
64.7966,-14.8693,0,0
64.5389,-14.8812,0,0
64.3,-14.8784,0,0
64.0939,-14.8814,0,0
63.8198,-14.8807,0,0
63.5104,-14.886,0,0
63.2949,-14.8978,0,0
63.0411,-14.9092,0,0
62.8171,-14.9274,0,0
62.6029,-14.9412,0,0
62.3618,-14.9583,0,0
62.1391,-14.9689,0,0
61.9112,-14.9796,0,0
61.6239,-14.9913,0,0
61.3003,-14.993,0,0
61.0092,-14.9978,0,0
60.7466,-14.9902,0,0
60.4816,-14.9945,0,0
60.2064,-15.0003,0,0
59.904,-15.0087,0,0
59.6922,-15.0158,0,0
59.4182,-15.0261,0,0
59.1528,-15.0129,0,0
58.9221,-15.0097,0,0
58.7198,-15.0084,0,0
58.4304,-15.0056,0,0
58.1864,-15.0067,0,0
57.9557,-15.009,0,0
57.5996,-15.0232,0,0
57.3627,-15.0374,0,0
57.1098,-15.0609,0,0
56.7744,-15.0709,0,0
56.5455,-15.0687,0,0
56.3307,-15.0748,0,0
56.07,-15.0842,0,0
55.8398,-15.0982,0,0
55.5497,-15.0996,0,0
55.3467,-15.0769,0,0
54.9672,-15.1825,0,0
54.7397,-15.1907,0,0
54.4556,-15.1979,0,0
54.242,-15.2013,0,0
53.9353,-15.2156,0,0
53.6401,-15.2245,0,0
53.3824,-15.2285,0,0
53.1718,-15.2292,0,0
52.8515,-15.2276,0,0
52.6,-15.2017,0,0
52.359,-15.2074,0,0
52.007,-15.2255,0,0
51.8005,-15.2276,0,0
51.4547,-15.1954,0,0
51.2062,-15.2295,0,0
51.0056,-15.232,0,0
50.7434,-15.2002,0,0
50.4836,-15.1907,0,0
50.2785,-15.212,0,0
50.055,-15.2165,0,0
49.7598,-15.2168,0,0
49.5324,-15.2229,0,0
49.32,-15.2336,0,0
49.019,-15.2576,0,0
48.7601,-15.2826,0,0
48.5541,-15.3183,0,0
48.2999,-15.3499,0,0
48.096,-15.367,0,0
47.8662,-15.3894,0,0
47.552,-15.412,0,0
47.3343,-15.4179,0,0
47.1313,-15.402,0,0
46.8937,-15.3857,0,0
46.6215,-15.3832,0,0
46.3648,-15.3833,0,0
46.1601,-15.3783,0,0
45.9163,-15.3642,0,0
45.7052,-15.3702,0,0
45.503,-15.3799,0,0
45.21,-15.3914,0,0
45.0066,-15.2552,0,0
44.7322,-15.2633,0,0
44.5301,-15.2757,0,0
44.2288,-15.2854,0,0
43.913,-15.2916,0,0
43.7041,-15.296,0,0
43.3988,-15.3082,0,0
43.0885,-15.3267,0,0
42.8452,-15.3327,0,0
42.6309,-15.3432,0,0
42.3746,-15.3534,0,0
42.1055,-15.375,0,0
41.8269,-15.3852,0,0
41.5472,-15.3979,0,0
41.3335,-15.3991,0,0
41.0547,-15.4181,0,0
40.8453,-15.427,0,0
40.5316,-15.4734,0,0
40.2746,-15.4943,0,0
40.0635,-15.497,0,0
39.7728,-15.4828,0,0
39.4753,-15.4803,0,0
39.1288,-15.4565,0,0
38.9031,-15.4462,0,0
38.6829,-15.4117,0,0
38.4219,-15.398,0,0
38.1351,-15.4285,0,0
37.9018,-15.4483,0,0
37.5803,-15.4611,0,0
37.3373,-15.4687,0,0
37.0333,-15.4821,0,0
36.7782,-15.5238,0,0
36.5157,-15.5497,0,0
36.2869,-15.5733,0,0
36.0263,-15.5907,0,0
35.8115,-15.6001,0,0
35.6022,-15.6181,0,0
35.3288,-15.6362,0,0
35.0813,-15.6441,0,0
34.7951,-15.6461,0,0
34.559,-15.65,0,0
34.2587,-15.6595,0,0
33.9563,-15.7684,0,0
33.7361,-15.7842,0,0
33.4343,-15.7851,0,0
33.2292,-15.7898,0,0
32.9649,-15.8071,0,0
32.7224,-15.8134,0,0
32.3876,-15.8107,0,0
32.151,-15.7929,0,0
31.8785,-15.8117,0,0
31.6228,-15.8163,0,0
31.3457,-15.8254,0,0
31.0847,-15.8409,0,0
30.8698,-15.8491,0,0
30.6215,-15.8638,0,0
30.3969,-15.8939,0,0
30.1122,-15.9176,0,0
29.8816,-15.933,0,0
29.5861,-15.9569,0,0
29.3073,-15.9586,0,0
29.0894,-15.9555,0,0
28.7884,-15.9613,0,0
28.5041,-15.9603,0,0
28.257,-15.9544,0,0
28.0433,-15.9517,0,0
27.8086,-15.9543,0,0
27.4879,-15.9631,0,0
27.2009,-15.973,0,0
26.9726,-15.9798,0,0
26.6957,-15.9994,0,0
26.4694,-16.0056,0,0
26.2016,-16.0204,0,0
25.9975,-16.0253,0,0
25.7677,-16.0289,0,0
25.5677,-16.0432,0,0
25.3336,-16.057,0,0
22.9924,-16.089,0,0
22.7071,-16.1046,0,0
22.4981,-16.1216,0,0
22.2446,-16.1354,0,0
22.0294,-16.1563,0,0
21.7732,-16.174,0,0
21.5742,-16.194,0,0
21.2806,-16.1972,0,0
20.9682,-16.208,0,0
20.7131,-16.2056,0,0
20.5025,-16.2084,0,0
20.2893,-16.2113,0,0
20.0299,-16.2192,0,0
19.7279,-16.2233,0,0
19.4321,-16.2251,0,0
19.1084,-16.2431,0,0
18.8438,-16.244,0,0
18.5364,-16.2467,0,0
18.323,-16.2541,0,0
18.0521,-16.2686,0,0
17.7793,-16.2807,0,0
17.494,-16.2898,0,0
17.2048,-16.2808,0,0
16.9755,-16.2615,0,0
16.7256,-16.2711,0,0
16.4545,-16.3053,0,0
16.2118,-16.3234,0,0
15.9393,-16.3308,0,0
15.6791,-16.3266,0,0
15.4458,-16.3328,0,0
15.1949,-16.345,0,0
14.9417,-16.3468,0,0
14.733,-16.3488,0,0
14.3585,-16.3555,0,0
14.148,-16.3552,0,0
13.9397,-16.363,0,0
13.5757,-16.3751,0,0
13.2439,-16.3962,0,0
13.0118,-16.4156,0,0
12.8109,-16.4268,0,0
12.541,-16.4262,0,0
12.3249,-16.4348,0,0
12.0841,-16.4381,0,0
11.8387,-16.4394,0,0
11.6208,-16.4423,0,0
11.2245,-16.4678,0,0
10.9542,-16.4904,0,0
10.6706,-16.5066,0,0
10.4329,-16.5137,0,0
10.119,-16.5263,0,0
9.85523,-16.5249,0,0
9.63488,-16.529,0,0
9.31597,-16.5296,0,0
9.05931,-16.5358,0,0
8.8512,-16.5425,0,0
8.55243,-16.5496,0,0
8.30268,-16.5619,0,0
8.03445,-16.6253,0,0
7.73138,-16.6437,0,0
7.449,-16.6563,0,0
7.22842,-16.67,0,0
7.0115,-16.6898,0,0
6.72924,-16.7101,0,0
6.44232,-16.73,0,0
6.23303,-16.7282,0,0
5.93466,-16.7328,0,0
5.65097,-16.7325,0,0
5.43371,-16.7495,0,0
5.1179,-16.7706,0,0
4.85702,-16.7898,0,0
4.63653,-16.8007,0,0
4.3658,-16.8096,0,0
4.14788,-16.8209,0,0
3.84237,-16.8303,0,0
3.55347,-16.8347,0,0
3.30604,-16.8356,0,0
3.10105,-16.8399,0,0
2.82148,-16.8467,0,0
2.56538,-16.8605,0,0
2.35956,-16.8735,0,0
2.06639,-16.8924,0,0
1.80337,-16.9175,0,0
1.59313,-16.926,0,0
1.38447,-16.934,0,0
1.12306,-16.9451,0,0
0.883423,-16.9369,0,0
0.6689,-16.9514,0,0
0.378861,-16.9592,0,0
0.157744,-16.9679,0,0
-0.140032,-16.9738,0,0
-0.395951,-16.9801,0,0
-0.602117,-16.9816,0,0
-0.918432,-17.0018,0,0
-1.18282,-17.0206,0,0
-1.51303,-17.0371,0,0
-1.75149,-17.0569,0,0
-2.01677,-17.0694,0,0
-2.23016,-17.0823,0,0
-2.54057,-17.0867,0,0
-2.78499,-17.095,0,0
-2.98742,-17.1021,0,0
-3.28266,-17.1159,0,0
-3.54225,-17.1265,0,0
-3.85658,-17.1355,0,0
-4.06174,-17.1444,0,0
-4.3609,-17.1645,0,0
-4.65694,-17.1897,0,0
-4.89658,-17.1854,0,0
-5.15155,-17.1934,0,0
-5.42956,-17.2056,0,0
-5.67895,-17.2155,0,0
-5.9502,-17.2243,0,0
-6.30378,-17.2284,0,0
-6.55243,-17.2427,0,0
-6.76355,-17.2569,0,0
-7.09569,-17.2875,0,0
-7.4802,-17.2452,0,0
-7.68831,-17.2443,0,0
-7.93268,-17.2545,0,0
-8.16282,-17.2833,0,0
-8.36914,-17.3008,0,0
-8.70826,-17.3193,0,0
-8.95378,-17.3278,0,0
-9.16016,-17.345,0,0
-9.52787,-17.3793,0,0
-9.86643,-17.3732,0,0
-10.1683,-17.3746,0,0
-10.4004,-17.3869,0,0
-10.6213,-17.4027,0,0
-10.8992,-17.4134,0,0
-11.1158,-17.4199,0,0
-11.4392,-17.4212,0,0
-11.6922,-17.4294,0,0
-11.9177,-17.4385,0,0
-12.1884,-17.4375,0,0
-12.5148,-17.4494,0,0
-12.7578,-17.4635,0,0
-12.9878,-17.4732,0,0
-13.2642,-17.491,0,0
-13.4997,-17.4999,0,0
-13.8204,-17.5106,0,0
-14.1658,-17.5153,0,0
-14.4231,-17.5301,0,0
-14.6393,-17.5376,0,0
-14.946,-17.555,0,0
-15.1525,-17.5042,0,0
-15.3842,-17.52,0,0
-15.627,-17.5205,0,0
-15.9055,-17.5328,0,0
-16.1854,-17.5481,0,0
-16.4959,-17.5617,0,0
-16.7766,-17.5719,0,0
-16.9954,-17.5764,0,0
-17.3195,-17.5815,0,0
-17.6067,-17.5809,0,0
-17.8592,-17.571,0,0
-18.1443,-17.5735,0,0
-18.4614,-17.599,0,0
-18.7267,-17.6142,0,0
-18.9502,-17.6331,0,0
-19.1723,-17.6482,0,0
-19.4376,-17.6618,0,0
-19.6621,-17.6721,0,0
-19.9331,-17.6882,0,0
-20.237,-17.7031,0,0
-20.4986,-17.7068,0,0
-20.7387,-17.7125,0,0
-21.0024,-17.7167,0,0
-21.2188,-17.7194,0,0
-21.5016,-17.7307,0,0
-21.719,-17.7393,0,0
-21.9359,-17.7371,0,0
-22.2446,-17.7342,0,0
-22.5406,-17.7344,0,0
-22.8537,-17.7472,0,0
-23.1294,-17.7613,0,0
-23.4394,-17.7705,0,0
-23.7168,-17.78,0,0
-23.946,-17.8003,0,0
-24.172,-17.8168,0,0
-24.4781,-17.8245,0,0
-24.7226,-17.8206,0,0
-25.0374,-17.8156,0,0
-25.2682,-17.8286,0,0
-25.5262,-17.841,0,0
-25.8036,-17.8502,0,0
-26.0055,-17.8486,0,0
-26.266,-17.8555,0,0
-26.6023,-17.8699,0,0
-26.8244,-17.8771,0,0
-27.1195,-17.8939,0,0
-27.5963,-17.8618,0,0
-27.9375,-17.8668,0,0
-28.1717,-17.8742,0,0
-28.4478,-17.87,0,0
-28.6649,-17.8656,0,0
-28.9231,-17.8633,0,0
-29.1481,-17.8724,0,0
-29.5184,-17.8832,0,0
-29.9113,-17.8891,0,0
-30.2377,-17.9059,0,0
-30.4544,-17.9116,0,0
-30.6821,-17.9185,0,0
-31.0499,-17.9363,0,0
-31.3468,-17.9441,0,0
-31.6079,-17.9462,0,0
-31.8285,-17.9526,0,0
-32.0522,-17.9636,0,0
-32.3268,-17.977,0,0
-32.5579,-17.982,0,0
-32.8297,-17.9878,0,0
-33.0509,-17.9896,0,0
-33.3597,-17.9981,0,0
-33.6457,-18.0119,0,0
-33.875,-18.0314,0,0
-34.1807,-18.0444,0,0
-34.4608,-18.0519,0,0
-34.6734,-18.0557,0,0
-34.9812,-18.0731,0,0
-35.2757,-18.0857,0,0
-35.5287,-18.0892,0,0
-35.7432,-18.0887,0,0
-36.0348,-18.0951,0,0
-36.2477,-18.1065,0,0
-36.465,-18.1524,0,0
-36.7674,-18.1534,0,0
-37.0258,-18.1574,0,0
-37.2477,-18.1652,0,0
-37.5491,-18.1795,0,0
-37.8324,-18.1925,0,0
-38.0525,-18.1998,0,0
-38.3687,-18.2153,0,0
-38.6105,-18.2293,0,0
-38.8514,-18.2477,0,0
-39.056,-18.2658,0,0
-39.2714,-18.2744,0,0
-39.5594,-18.2784,0,0
-39.778,-18.2788,0,0
-40.054,-18.28,0,0
-40.2731,-18.2879,0,0
-40.5189,-18.3033,0,0
-40.7187,-18.3158,0,0
-41.006,-18.3339,0,0
-41.3019,-18.3441,0,0
-41.5747,-18.3405,0,0
-41.8027,-18.3433,0,0
-42.082,-18.3534,0,0
-42.332,-18.3557,0,0
-42.5528,-18.3564,0,0
-42.847,-18.3548,0,0
-43.0973,-18.3553,0,0
-43.4171,-18.3696,0,0
-43.657,-18.3813,0,0
-43.9256,-18.3866,0,0
-44.1522,-18.3896,0,0
-44.4497,-18.3959,0,0
-44.6522,-18.4022,0,0
-44.9638,-18.4132,0,0
-45.241,-18.4291,0,0
-45.4848,-18.4358,0,0
-45.7032,-18.4488,0,0
-45.9668,-18.4699,0,0
-46.2829,-18.4746,0,0
-46.5098,-18.4857,0,0
-46.7585,-18.5056,0,0
-46.9874,-18.5173,0,0
-47.2984,-18.5225,0,0
-47.5032,-18.5266,0,0
-47.7528,-18.5278,0,0
-48.0758,-18.526,0,0
-48.2818,-18.5313,0,0
-48.5141,-18.5416,0,0
-48.9039,-18.5639,0,0
-49.1232,-18.5789,0,0
-49.3412,-18.5802,0,0
-49.5419,-18.588,0,0
-49.763,-18.5938,0,0
-50.1237,-18.5994,0,0
-50.3327,-18.6065,0,0
-50.5522,-18.6134,0,0
-50.89,-18.6256,0,0
-51.2492,-18.6397,0,0
-51.5668,-18.6516,0,0
-51.8184,-18.651,0,0
-52.0281,-18.659,0,0
-52.2498,-18.6726,0,0
-52.5575,-18.669,0,0
-52.7734,-18.6732,0,0
-52.9832,-18.6869,0,0
-53.2589,-18.7275,0,0
-53.4658,-18.7586,0,0
-53.7361,-18.7944,0,0
-53.9853,-18.827,0,0
-54.2653,-18.8355,0,0
-54.4731,-18.8259,0,0
-54.7612,-18.8352,0,0
-54.9915,-18.8636,0,0
-55.3184,-18.8915,0,0
-55.5742,-18.8796,0,0
-55.7857,-18.886,0,0
-56.0979,-18.8998,0,0
-56.3755,-18.9112,0,0
-56.5797,-18.909,0,0
-56.8871,-18.9149,0,0
-57.1628,-18.944,0,0
-57.3936,-18.9632,0,0
-57.6972,-18.988,0,0
-57.9957,-18.9955,0,0
-58.2626,-19.0085,0,0
-58.4843,-19.025,0,0
-58.7828,-19.0421,0,0
-59.0203,-19.0444,0,0
-59.2327,-19.0594,0,0
-59.4916,-19.0699,0,0
-59.7056,-19.0708,0,0
-59.9601,-19.1065,0,0
-60.216,-19.1376,0,0
-60.4784,-19.1759,0,0
-60.6983,-19.1976,0,0
-60.9553,-19.2188,0,0
-61.2132,-19.2267,0,0
-61.443,-19.231,0,0
-61.6509,-19.1632,0,0
-61.8587,-19.177,0,0
-62.1213,-19.1903,0,0
-62.3843,-19.2114,0,0
-62.6038,-19.2215,0,0
-62.875,-19.2327,0,0
-63.1451,-19.2529,0,0
-63.416,-19.2684,0,0
-63.6943,-19.2808,0,0
-64.0014,-19.2913,0,0
-64.2172,-19.2991,0,0
-64.4511,-19.3135,0,0
-64.7266,-19.3317,0,0
-64.9417,-19.351,0,0
-65.2196,-19.3686,0,0
-65.5176,-19.3884,0,0
-65.7905,-19.4017,0,0
-66.0161,-19.4083,0,0
-66.2862,-19.422,0,0
-66.5531,-19.4378,0,0
-66.777,-19.452,0,0
-67.0492,-19.4681,0,0
-67.3111,-19.478,0,0
-67.5927,-19.4973,0,0
-67.8215,-19.5081,0,0
-68.1546,-19.5275,0,0
-68.371,-19.5336,0,0
-68.6515,-19.5477,0,0
-68.8843,-19.4423,0,0
-69.1236,-19.451,0,0
-69.3403,-19.4512,0,0
-69.5422,-19.4554,0,0
-69.8742,-19.4628,0,0
-70.1974,-19.4803,0,0
-70.4594,-19.4884,0,0
-70.7431,-19.5059,0,0
-71.0154,-19.5234,0,0
-71.2353,-19.5276,0,0
-71.542,-19.539,0,0
-71.7664,-19.545,0,0
-71.977,-19.5504,0,0
-72.2219,-19.5584,0,0
-72.422,-19.5605,0,0
-72.6435,-19.5688,0,0
-72.959,-19.576,0,0
-73.2731,-19.6021,0,0
-73.483,-19.6135,0,0
-73.7167,-19.6305,0,0
-74.0026,-19.6552,0,0
-74.2476,-19.6636,0,0
-74.4628,-19.6758,0,0
-74.7563,-19.6942,0,0
-75.0319,-19.7022,0,0
-75.2567,-19.7233,0,0
-75.6014,-19.7502,0,0
-75.8068,-19.7676,0,0
-76.0132,-19.7818,0,0
-76.2474,-19.7878,0,0
-76.4932,-19.7877,0,0
-76.7114,-19.7865,0,0
-76.9765,-19.7849,0,0
-77.1775,-19.7801,0,0
-77.4677,-19.7725,0,0
-77.715,-19.7584,0,0
-77.9837,-19.74,0,0
-78.2506,-19.7273,0,0
-78.5004,-19.6735,0,0
-78.7324,-19.6478,0,0
-78.9575,-19.6137,0,0
-79.235,-19.5696,0,0
-79.4927,-19.5191,0,0
-79.7504,-19.4643,0,0
-80.0042,-19.4023,0,0
-80.2257,-19.337,0,0
-80.4683,-19.2676,0,0
-80.6668,-19.2077,0,0
-80.9302,-19.1322,0,0
-81.1306,-19.0693,0,0
-81.3267,-18.9939,0,0
-81.5346,-18.9151,0,0
-81.7305,-18.8275,0,0
-81.9312,-18.7317,0,0
-82.1576,-18.5975,0,0
-82.3267,-18.49,0,0
-82.5046,-18.3719,0,0
-82.6926,-18.2589,0,0
-82.8699,-18.14,0,0
-83.1097,-17.973,0,0
-83.2935,-17.8275,0,0
-83.4606,-17.7044,0,0
-83.6301,-17.559,0,0
-83.7874,-17.3719,0,0
-83.9141,-17.2125,0,0
-84.0641,-17.0291,0,0
-84.2527,-16.804,0,0
-84.4308,-16.5727,0,0
-84.5735,-16.3503,0,0
-84.6992,-16.1654,0,0
-84.8397,-15.8923,0,0
-84.9729,-15.6313,0,0
-84.9859,-15.3479,0,0
-85.0622,-15.0583,0,0
-85.1367,-14.8352,0,0
-85.2058,-14.6276,0,0
-85.2748,-14.4107,0,0
-85.3275,-14.1446,0,0
-85.3841,-13.873,0,0
-85.4269,-13.6491,0,0
-85.4353,-13.3825,0,0
-85.4317,-13.1711,0,0
-85.4443,-12.8821,0,0
-85.4358,-12.6353,0,0
-85.4294,-12.4162,0,0
-85.4102,-12.1984,0,0
-85.3947,-11.9579,0,0
-85.3765,-11.7231,0,0
-85.3628,-11.4891,0,0
-85.3242,-11.2125,0,0
-85.2958,-11.0123,0,0
-85.27,-10.8122,0,0
-85.2175,-10.6096,0,0
-85.1433,-10.3794,0,0
-85.023,-10.0759,0,0
-84.8914,-9.84369,0,0
-84.7527,-9.5694,0,0
-84.6278,-9.37072,0,0
-84.4965,-9.19958,0,0
-84.3705,-9.01558,0,0
-84.2509,-8.85036,0,0
-84.0944,-8.6444,0,0
-83.9664,-8.48553,0,0
-83.8376,-8.317,0,0
-83.6843,-8.14043,0,0
-83.4909,-7.96299,0,0
-83.2917,-7.74059,0,0
-83.1127,-7.58512,0,0
-82.9232,-7.41234,0,0
-82.7229,-7.23273,0,0
-82.5216,-7.08976,0,0
-82.2637,-6.91878,0,0
-82.086,-6.80051,0,0
-81.8279,-6.65864,0,0
-81.617,-6.54258,0,0
-81.4273,-6.45746,0,0
-81.2154,-6.37478,0,0
-80.9738,-6.2753,0,0
-80.7084,-6.18219,0,0
-80.4538,-6.09985,0,0
-80.1501,-5.98,0,0
-79.8862,-5.90729,0,0
-79.6096,-5.83934,0,0
-79.3677,-5.78203,0,0
-79.1003,-5.72873,0,0
-78.8127,-5.69042,0,0
-78.5936,-5.65556,0,0
-78.3488,-5.62164,0,0
-78.147,-5.59573,0,0
-77.8829,-5.56972,0,0
-77.629,-5.53915,0,0
-77.4026,-5.52337,0,0
-77.1594,-5.51889,0,0
-76.9477,-5.51709,0,0
-76.731,-5.51229,0,0
-76.434,-5.49233,0,0
-76.1841,-5.45777,0,0
-75.8626,-5.42308,0,0
-75.6015,-5.37737,0,0
-75.3589,-5.35221,0,0
-75.0953,-5.32958,0,0
-74.8543,-5.30184,0,0
-74.567,-5.25946,0,0
-74.3119,-5.22725,0,0
-74.0571,-5.19667,0,0
-73.8137,-5.17788,0,0
-73.5403,-5.15131,0,0
-73.3387,-5.15176,0,0
-73.1075,-5.12462,0,0
-72.8351,-5.09851,0,0
-72.5688,-5.07328,0,0
-72.3023,-5.05512,0,0
-72.0231,-5.02644,0,0
-71.7693,-5.00619,0,0
-71.4895,-4.98673,0,0
-71.2872,-4.9718,0,0
-71.0327,-4.95458,0,0
-70.8303,-4.93853,0,0
-70.5201,-4.92118,0,0
-70.2437,-4.90653,0,0
-69.9529,-4.89227,0,0
-69.7418,-4.86505,0,0
-69.4835,-4.83868,0,0
-69.2783,-4.82819,0,0
-68.9565,-4.81102,0,0
-68.6632,-4.79724,0,0
-68.341,-4.76581,0,0
-68.0899,-4.73209,0,0
-67.7375,-4.71618,0,0
-67.4697,-4.70079,0,0
-67.2578,-4.68542,0,0
-67.0127,-4.66634,0,0
-66.7494,-4.65157,0,0
-66.3949,-4.64218,0,0
-66.0511,-4.62036,0,0
-65.6976,-4.59361,0,0
-65.4941,-4.57913,0,0
-65.2925,-4.56805,0,0
-65.0227,-4.55503,0,0
-64.7642,-4.54621,0,0
-64.4729,-4.5374,0,0
-64.2115,-4.52304,0,0
-63.905,-4.50027,0,0
-63.6502,-4.49152,0,0
-63.3799,-4.48845,0,0
-63.0884,-4.4609,0,0
-62.7246,-4.44429,0,0
-62.5192,-4.43958,0,0
-62.2381,-4.43916,0,0
-61.9985,-4.44021,0,0
-61.771,-4.4293,0,0
-61.6357,-4.06508,0,0
-61.353,-4.05153,0,0
-61.0625,-4.03308,0,0
-60.7076,-4.02131,0,0
-60.4027,-4.00071,0,0
-60.1448,-3.99643,0,0
-59.8868,-3.9879,0,0
-59.627,-3.98519,0,0
-59.3836,-3.98224,0,0
-59.1633,-3.98136,0,0
-58.7569,-3.98591,0,0
-58.3698,-3.97903,0,0
-58.1087,-3.9711,0,0
-57.7595,-3.95025,0,0
-57.4628,-3.92582,0,0
-57.0507,-3.92545,0,0
-56.811,-3.9175,0,0
-56.5667,-3.90578,0,0
-56.1812,-3.88933,0,0
-55.964,-3.88744,0,0
-55.7427,-3.87831,0,0
-55.4432,-3.8709,0,0
-55.1904,-3.8663,0,0
-54.8972,-3.85965,0,0
-54.671,-3.8562,0,0
-54.3968,-3.85284,0,0
-54.1726,-3.84629,0,0
-53.9215,-3.83478,0,0
-53.6994,-3.82151,0,0
-53.4382,-3.82391,0,0
-53.2147,-3.82215,0,0
-52.9423,-3.81257,0,0
-52.7143,-3.80799,0,0
-52.4501,-3.79893,0,0
-52.2289,-3.78798,0,0
-51.9561,-3.77282,0,0
-51.682,-3.75707,0,0
-51.3736,-3.75155,0,0
-51.0961,-3.74598,0,0
-50.8738,-3.73464,0,0
-50.6057,-3.71781,0,0
-50.3926,-3.71335,0,0
-50.1288,-3.71398,0,0
-49.9162,-3.71774,0,0
-49.664,-3.71612,0,0
-49.4494,-3.71212,0,0
-49.2033,-3.71081,0,0
-48.9924,-3.70571,0,0
-48.7415,-3.7024,0,0
-48.5179,-3.69913,0,0
-48.2488,-3.68586,0,0
-48.0429,-3.67284,0,0
-47.7854,-3.6616,0,0
-47.4355,-3.75027,0,0
-47.1878,-3.74479,0,0
-46.8498,-3.74097,0,0
-46.6465,-3.73215,0,0
-46.3947,-3.72162,0,0
-46.0819,-3.71033,0,0
-45.8216,-3.70178,0,0
-45.6216,-3.68989,0,0
-45.3723,-3.68686,0,0
-45.1716,-3.6827,0,0
-44.9387,-3.67284,0,0
-44.736,-3.66402,0,0
-44.4853,-3.65527,0,0
-44.2535,-3.64929,0,0
-43.9666,-3.63405,0,0
-43.7252,-3.62495,0,0
-43.5174,-3.61836,0,0
-43.2699,-3.61813,0,0
-42.9315,-3.61398,0,0
-42.631,-3.60121,0,0
-42.3863,-3.59724,0,0
-42.0869,-3.59634,0,0
-41.8429,-3.59235,0,0
-41.504,-3.58325,0,0
-41.1969,-3.55882,0,0
-40.9894,-3.54789,0,0
-40.7755,-3.53508,0,0
-40.5003,-3.52572,0,0
-40.1578,-3.51603,0,0
-39.8412,-3.498,0,0
-39.5272,-3.49491,0,0
-39.2341,-3.48603,0,0
-38.9026,-3.47545,0,0
-38.5913,-3.47692,0,0
-38.2772,-3.48036,0,0
-38.0138,-3.48339,0,0
-37.7429,-3.47472,0,0
-37.5284,-3.47919,0,0
-37.1556,-3.47244,0,0
-36.8798,-3.4546,0,0
-36.6592,-3.45003,0,0
-36.4263,-3.44862,0,0
-36.1944,-3.44153,0,0
-35.9035,-3.42501,0,0
-35.6841,-3.38961,0,0
-35.4243,-3.36909,0,0
-35.1869,-3.35375,0,0
-34.9056,-3.33946,0,0
-34.6867,-3.3314,0,0
-34.4287,-3.31363,0,0
-34.2244,-3.30804,0,0
-33.988,-3.29784,0,0
-33.7583,-3.29561,0,0
-33.5222,-3.28909,0,0
-33.2516,-3.28045,0,0
-33.0238,-3.28043,0,0
-32.7033,-3.27432,0,0
-32.3874,-3.25891,0,0
-32.0651,-3.25752,0,0
-31.8313,-3.26147,0,0
-31.607,-3.26399,0,0
-31.3384,-3.247,0,0
-31.1105,-3.23196,0,0
-30.8131,-3.20746,0,0
-30.5618,-3.18988,0,0
-30.362,-3.17529,0,0
-30.1056,-3.15817,0,0
-29.8775,-3.15507,0,0
-29.6028,-3.16119,0,0
-29.3938,-3.16709,0,0
-29.1251,-3.16922,0,0
-28.9135,-3.1761,0,0
-28.7121,-3.18098,0,0
-28.4775,-3.17146,0,0
-28.1962,-3.1603,0,0
-27.9942,-3.14855,0,0
-27.7288,-3.13244,0,0
-27.5128,-3.12628,0,0
-27.1996,-3.10711,0,0
-26.9355,-3.0806,0,0
-26.7108,-3.08827,0,0
-26.4209,-3.06527,0,0
-26.1554,-3.05184,0,0
-25.9229,-3.03891,0,0
-25.6678,-3.03397,0,0
-25.4036,-3.02653,0,0
-25.1485,-3.02557,0,0
-24.866,-3.02199,0,0
-24.6543,-3.01976,0,0
-24.4059,-3.01422,0,0
-24.1854,-3.0051,0,0
-23.966,-3.00321,0,0
-23.76,-2.99389,0,0
